Measurement,Ret,Sha,Sor,Ste,Cal
Ret,42.63,27.810000000000002,22.55,24.64,50.339999999999996
AvgRet,4.654,3.299,2.762,2.962,5.324
Std,65.358,67.821,66.001,64.352,67.009
MDD,-0.1562,-0.1695,-0.172,-0.1984,-0.1116
VaR,-0.0134,-0.0135,-0.0135,-0.013,-0.0129
CVaR,-0.021,-0.0206,-0.0213,-0.0202,-0.0213
