Measurment,Ret_ESG,Sha_ESG,Sor_ESG,Ste_ESG,Ret,Sha,Sor,Ste
Active return,0.8368015176230694,0.778320859941958,0.799089358414078,0.8047155838387826,0.7770586010713852,0.8002254927965078,0.6688449239593673,0.8820837139810755
mu(all),-3.039804620316671e-05,-3.553234171940811e-05,-3.487957831944449e-05,-3.342615580004704e-05,-2.9014610818586575e-05,-3.651744909584841e-05,-6.2796791491582e-05,-3.409517269827453e-05
sig(all),0.0030345468956535764,0.0028998116265680864,0.00285332000836322,0.0028223385956026694,0.0028466559577672713,0.002957197731588362,0.0031332567932606426,0.0029135290369259217
mu(sel),-4.1859242769768054e-05,-6.717508194816975e-05,-5.700971654226422e-05,-5.557130175106686e-05,-7.319453195024014e-05,-5.458663210794773e-05,-0.00010099566507612983,-1.651433640331425e-05
sig(sel),0.004410126026924139,0.003934200422233239,0.0037489516758178526,0.0037449455120938295,0.0054451097500864305,0.003982998214785584,0.006159323817686407,0.003860311654068848
