Measurment,Ret_ESG,Sha_ESG,Sor_ESG,Ste_ESG,Ret,Sha,Sor,Ste
Active return,1.039323076953305,0.9469478783361707,0.9444653943361507,0.9400172285047652,0.9456429303235624,0.8789153677537261,0.930489354609678,0.9429255607342172
mu(all),1.607340327463359e-05,-1.6258952055211644e-05,2.8094704767253184e-07,-1.2279605424806995e-05,-2.0938203730507357e-05,-2.8003699258669593e-05,-1.8937686879949872e-05,-1.655856137247764e-06
sig(all),0.002177437917575848,0.004661211402105967,0.0025618132793780958,0.0028672411706490543,0.003403678816032272,0.004244316936347641,0.00351143633428794,0.001949899233345019
mu(sel),5.588895266588588e-06,-2.3916272732794436e-06,-2.1923907685477365e-05,-1.109732382361562e-05,-2.938439281007508e-07,-2.342228834397173e-05,-9.391159333395973e-06,-2.1245296819228766e-05
sig(sel),0.007977308693159315,0.005461354333524559,0.004838698609211265,0.005024338177472715,0.004299783719878229,0.004264997241706756,0.003653776087754705,0.00431833725454151
