Measurment,Ret_ESG,Sha_ESG,Sor_ESG,Ste_ESG,Ret,Sha,Sor,Ste
Active return,0.9296203594556338,0.9288920341747433,0.9296203594556338,0.9400172285047652,0.9456429303235624,0.9550943172828577,0.930489354609678,0.9429255607342172
mu(all),-1.376239149565573e-05,-1.4205699658001713e-05,-1.376239149565573e-05,-1.2279605424806995e-05,-2.0938203730507357e-05,-1.224530848272041e-05,-1.8937686879949872e-05,-1.655856137247764e-06
sig(all),0.00269747309659653,0.0027243182621786055,0.00269747309659653,0.0028672411706490543,0.003403678816032272,0.003231045943067393,0.00351143633428794,0.001949899233345019
mu(sel),-1.542795844083357e-05,-1.5300537488991353e-05,-1.542795844083357e-05,-1.109732382361562e-05,-2.938439281007508e-07,-4.5714895760077364e-06,-9.391159333395973e-06,-2.1245296819228766e-05
sig(sel),0.003389349459876143,0.003383026853521683,0.003389349459876143,0.005024338177472715,0.004299783719878229,0.004676827595553496,0.003653776087754705,0.00431833725454151
