Measurment,Ret_ESG,Sha_ESG,Sor_ESG,Ste_ESG,Ret,Sha,Sor,Ste
Active return,0.9607015280897473,0.9578502987396303,0.9327752090796854,0.9315906548359454,0.9483402982771988,0.9212367446580549,0.911425581408882,0.9364539807468396
mu(all),-1.2748828017349155e-05,-3.545751679352735e-05,-5.379943221200495e-06,-1.2061048272837501e-05,-4.191503844979426e-07,-1.2291581220171521e-05,-1.5404984023796617e-05,-1.0127159669145755e-05
sig(all),0.0030126270631040237,0.004559171258140006,0.0023292861133676146,0.0026516867726753563,0.0032320773766527514,0.0029211616863758345,0.0023949104940349424,0.002769109106270484
mu(sel),-2.4644967678610786e-06,2.176941439701924e-05,-2.2647000893540486e-05,-1.5912468463708176e-05,-2.0092285934196635e-05,-1.9925624962014055e-05,-2.1823562158465694e-05,-1.5967002616202022e-05
sig(sel),0.0035576492077692944,0.0061115747559422305,0.0030741104187869753,0.00407378016081896,0.00353522755403543,0.004302128499705762,0.003579002324148926,0.003345062794759933
