Measurment,Ret_ESG,Sha_ESG,Sor_ESG,Ste_ESG,Ret,Sha,Sor,Ste
Active return,0.9242950971162136,0.9766552738113632,0.9130408539990504,0.9291386551515426,0.9270984480223782,0.885717183362325,0.8800966398805625,0.9235908444853589
mu(all),-1.3630777503075214e-05,-7.199722330905538e-06,-1.8462496942445632e-05,-8.103597052595703e-06,-1.2898915676122485e-05,-2.1828088435226774e-05,-1.8458980460717204e-05,-9.458111498528609e-06
sig(all),0.002727368229884571,0.0025766933609839,0.0036910725741790716,0.0023138828814011692,0.0026938347079564578,0.003471056416451105,0.0037930892040901184,0.0021700480920418953
mu(sel),-1.7902532113291396e-05,-1.3954607400431816e-06,-1.752031432646744e-05,-2.1394313136437206e-05,-1.7447747383978162e-05,-2.5901557927719844e-05,-3.2516196011385323e-05,-2.21734719121091e-05
sig(sel),0.00347184349378233,0.003363445514561011,0.004021765761051503,0.0033785885039686312,0.00334089929283911,0.0051595824236309595,0.004351283552611519,0.004113447466247459
