Measurment,Ret_ESG,Sha_ESG,Sor_ESG,Ste_ESG,Ret,Sha,Sor,Ste
Active return,0.9980371172594134,0.9984105734823437,1.0015998560538897,0.9990625323846122,1.001749616495603,0.9940149856852281,0.9888742010717373,0.9227430435863642
mu(all),6.669392310117845e-06,7.790502189848845e-06,8.13238385562969e-06,7.754539332410538e-06,1.1912946048980161e-05,1.519684371358812e-05,9.344907351352405e-07,9.181855230402888e-06
sig(all),0.0026372704416486835,0.0026748716927947626,0.002711321244908321,0.0026497522930184923,0.0028752929493114526,0.002918938619850723,0.002835325826673427,0.003275633491732145
mu(sel),-6.292282217700747e-06,-7.2619262035479585e-06,-6.255592083573569e-06,-6.960935615077241e-06,-9.724815130074533e-06,-1.6148859799754074e-05,-4.235511457891759e-06,-4.069982788763887e-05
sig(sel),0.0035000555205277517,0.0034559386677225617,0.003474725164679628,0.0034630860109823173,0.003793127753212245,0.003876067314758866,0.0036337520177339255,0.0043800649910565054
