Measurment,Ret_ESG,Sha_ESG,Sor_ESG,Ste_ESG,Ret,Sha,Sor,Ste
Active return,-1.686,-11.887,-2.776,2.771,4.112,-2.163,-3.073,1.148
mu(all),-1.308,-3.174,-3.015,2.015,-0.674,-0.127,-0.474,-0.215
sig(all),0.00169,0.00241,0.00186,0.00218,0.00178,0.00225,0.00214,0.00161
mu(sel),-2.149,-7.986,-0.378,0.097,-0.869,-7.493,4.885,-2.284
sig(sel),0.00247,0.00214,0.00235,0.00313,0.00211,0.00251,0.00225,0.00309
