Measurment,Ret_ESG,Sha_ESG,Sor_ESG,Ste_ESG,Ret,Sha,Sor,Ste
Active return,1.0176758045740002,1.0240129674641791,1.0215620300001915,1.017831765009038,1.0158931127712265,1.0187216220202058,1.0215707862733492,1.0165301778770317
mu(all),-3.233087727573247e-05,-3.376485605218317e-05,-4.0688322402383024e-05,-3.209197573615621e-05,-3.305323657935196e-05,-3.17946124792264e-05,-3.328709071109209e-05,-3.326418107542763e-05
sig(all),0.0017998863405652029,0.001708666919876756,0.002798534670865864,0.0017109912133257059,0.0018458331613537887,0.0016397005547681637,0.0021912154839981864,0.001711773544717301
mu(sel),0.0001335064612774729,0.00017188242194521926,0.0001679721314792653,0.0001346552167435036,0.0001242206855838991,0.00013934193135762952,0.0001594605639979189,0.00012813417711588626
sig(sel),0.006474292100830129,0.008628905964567862,0.00957369007348194,0.00701256091639899,0.006235224761571875,0.007121282790148227,0.009074982967631828,0.006479734611041249
