Measurment,Ret_ESG,Sha_ESG,Sor_ESG,Ste_ESG,Ret,Sha,Sor,Ste
Active return,0.9442961808553852,0.978079512002808,0.9875914142631275,0.9661738311410197,0.8425194665412111,1.017674727110497,0.9764292851472178,1.0050957616069616
mu(all),-3.272469139631129e-05,-2.019317154484964e-05,-1.4165639637726953e-05,-2.132565235002304e-05,-3.1970761846576175e-05,-5.763738962619577e-06,-1.7530231815492735e-05,-2.1054716085220026e-05
sig(all),0.004024162022686658,0.0048386180871642735,0.004371389536385833,0.0033051311446304745,0.005117235265225978,0.0044373432304625525,0.004682266807207466,0.003976635928883632
mu(sel),1.873428753809085e-05,1.7896470424045705e-05,1.51809985425978e-05,1.3300464434342926e-05,-2.0690095047498674e-05,1.6372284348294742e-05,1.4266665182787223e-05,2.7124613324494673e-05
sig(sel),0.006558031010849517,0.00596929174483209,0.006450729170464715,0.005328620603104005,0.005052154360152601,0.006013427690945978,0.00578963497938854,0.005788599015960488
