Measurment,Ret_ESG,Sha_ESG,Sor_ESG,Ste_ESG,Ret,Sha,Sor,Ste
Active return,3.0716488975206854e+100,1.228495485311798e+100,2.2138210523648286e+100,1.5811761399474983e+100,1.5120695505667043e+100,1.1393691670915156e+100,1.6729767597524014e+100,4.54856446609574e+100
mu(all),0.021999802702779077,0.02213292298401193,0.02221849301901557,0.021732360700494037,0.02200581030020748,0.022043324755711847,0.02220941250163401,0.02208881334419369
sig(all),0.19366785833841887,0.1924676934915389,0.19169801299198225,0.19081575553071178,0.19299251337466175,0.1904372186914916,0.1929965695671661,0.1933686421006988
mu(sel),0.08589818381782378,0.08526849815822062,0.08556084552526053,0.08579192535970395,0.08549277672911575,0.08535419886366648,0.08540373101618101,0.08605616866475747
sig(sel),0.7519763564368276,0.7500978403295026,0.7531308959245331,0.7531308768102823,0.7502334088040388,0.7540548698685626,0.7500354866675546,0.7553419917115199
