Measurment,Ret_ESG,Sha_ESG,Sor_ESG,Ste_ESG,Ret,Sha,Sor,Ste
Active return,0.9521316284208631,0.9528638782095834,0.95852288494286,0.9557452351980108,0.9343435676824634,0.9554927379035372,0.956931448436467,0.9489219309860835
mu(all),-2.7259871138327426e-05,-2.813927538686066e-05,-3.0112971690585683e-05,-2.817310713070845e-05,-3.223010865723181e-05,-2.7756069821969112e-05,-2.7749196552211022e-05,-2.820980947018559e-05
sig(all),0.0026084169589767297,0.0026400436800455237,0.002828647143882951,0.002662312976362683,0.003157787359836187,0.002614752466386496,0.0026917183125601445,0.0026910409194616076
mu(sel),-1.8121448843930198e-05,-1.955809803040223e-05,-1.3749686034050799e-05,-1.4732644999914602e-05,-2.0780914022042e-05,-1.8253997089934296e-05,-1.64721887610531e-05,-1.8972904397520304e-05
sig(sel),0.0032210862003874056,0.003412280297259079,0.0032377549866114807,0.0032547323100314074,0.0034740739157163437,0.0033159985974868856,0.0033472108225211057,0.0031804589060484105
