Measurment,Ret_ESG,Sha_ESG,Sor_ESG,Ste_ESG,Ret,Sha,Sor,Ste
Active return,0.9425670072004644,0.9223005206033738,0.9533318822858495,0.9400172285047652,0.9456429303235624,0.8789153677537261,0.9274610439684655,0.9429255607342172
mu(all),-1.0090907508104224e-05,-2.847790105760588e-05,-3.3218375668453315e-06,-1.2279605424806995e-05,-2.0938203730507357e-05,-2.8003699258669593e-05,-1.982250693191117e-05,-1.655856137247764e-06
sig(all),0.0025759348016321376,0.0039006516691937852,0.002384508349386229,0.0028672411706490543,0.003403678816032272,0.004244316936347641,0.0034825174667298827,0.001949899233345019
mu(sel),-1.2513098738206823e-05,-3.359957712861261e-06,-1.4974789430859867e-05,-1.109732382361562e-05,-2.938439281007508e-07,-2.342228834397173e-05,-9.911621062668215e-06,-2.1245296819228766e-05
sig(sel),0.004647818598249023,0.0033048613661867893,0.003938475954515971,0.005024338177472715,0.004299783719878229,0.004264997241706756,0.0032763122683129747,0.00431833725454151
