Measurment,Ret_ESG,Sha_ESG,Sor_ESG,Ste_ESG,Ret,Sha,Sor,Ste
Active return,0.9973734039832725,1.0145625966956444,0.9944087583435102,1.0184978852814994,1.0133192469692032,1.0071080178965455,0.9886117031081664,1.010791489574747
mu(all),4.232413113853436e-06,7.6800973978793e-06,4.679422865518553e-06,-9.285741002669952e-07,1.4198123455374523e-05,9.458225427061429e-06,-1.0359203129508184e-05,-1.8599796571342846e-06
sig(all),0.002881353522921625,0.0024316816677124858,0.0025129351804928962,0.0022797793586746915,0.0029028677489587075,0.002561453807320903,0.0030714766201926855,0.0018742832870462512
mu(sel),-9.526013417511617e-06,4.8630166627969445e-05,-1.9815474649192975e-05,6.781604368090166e-05,3.450336874778174e-05,2.103205346204784e-05,-2.486892161910226e-05,4.460570902978948e-05
sig(sel),0.005742155388669674,0.009368448182350282,0.00585177247217048,0.007804618617424626,0.006740576754500031,0.008469410948410886,0.0050875223674304105,0.0087796380954092
