Measurment,Ret_ESG,Sha_ESG,Sor_ESG,Ste_ESG,Ret,Sha,Sor,Ste
Active return,1.0410688914602972,1.0408233708416366,1.0408705594097638,1.0410871830691637,1.0409112816630095,1.0412655843701788,1.0412416420901218,1.0411814582298213
mu(all),0.00029121631239834126,0.00029230447922868805,0.00028956993384675285,0.00029249094907795323,0.00029215390780674,0.00029259721542711995,0.00029175466467756817,0.0002923451243075647
sig(all),0.0027019220200237503,0.002679258935851011,0.0027100825607796275,0.0027143233333692825,0.002716278486480997,0.0027094549187016708,0.0027094844894675657,0.0027198159530178742
mu(sel),0.0004568437633406448,0.00045129022689846635,0.0004549292020061988,0.0004558714683855245,0.0004530866442060914,0.000458973978162099,0.0004593710106657014,0.0004576948652601827
sig(sel),0.004252079131052079,0.0041539727142160575,0.0042289105653426804,0.004237575905545482,0.004234992554410127,0.004262464819303174,0.004255493181029735,0.004238155337231676
