Measurment,Ret_ESG,Sha_ESG,Sor_ESG,Ste_ESG,Ret,Sha,Sor,Ste
Active return,0.9259220373818131,0.9108752118800281,0.9134620034798812,0.9880114094814356,0.9284812523467537,0.9059665464085912,0.9060282479252721,0.9815959617146501
mu(all),-1.307727741466816e-05,-2.4697064378109134e-05,-2.3332159175402754e-05,-1.4671790842261797e-05,-1.2874284062660285e-05,-7.942973682642998e-06,-1.6246113273919436e-05,7.310308383342949e-06
sig(all),0.0027059610323688817,0.003921156119796424,0.004773828047521557,0.0030097271506852536,0.002713058701299156,0.0022743729737986383,0.00314543576657464,0.0030845595136424746
mu(sel),-1.7764242501495435e-05,-1.2130853771855974e-05,-1.0745766756190864e-05,1.1328253066405478e-05,-1.6811952677195174e-05,-3.186629361044534e-05,-2.318183971164676e-05,-1.3249753699162776e-05
sig(sel),0.0034047978057430194,0.003836375018297079,0.005548776226432032,0.003928398261384025,0.003404558464831235,0.003796255259704086,0.004087132136153968,0.004065341897057018
