Measurment,Ret_ESG,Sha_ESG,Sor_ESG,Ste_ESG,Ret,Sha,Sor,Ste
Active return,0.9164008774029412,0.9002109349949238,0.9948796452160382,0.9691168772775985,0.9303981348075472,0.935835495231982,0.9162101312487043,0.9290222773066953
mu(all),-1.5509224909917032e-05,-4.296144365886491e-05,-4.430898405154354e-06,-1.4100612844783178e-05,-1.3145162530782094e-05,-2.0496467852303206e-05,-9.34405772775501e-06,-9.697348715417963e-06
sig(all),0.0027502735649161426,0.003729220230283406,0.0029179378565816903,0.0027798451940065547,0.002679998206360151,0.0034446523033094018,0.0029745639719922857,0.0028961282398081243
mu(sel),-1.9633968260910984e-05,1.1072063430188397e-06,4.763144151890358e-06,2.450798695959303e-06,-1.571460196547464e-05,-5.009478676491032e-06,-2.5597776819226284e-05,-1.953456088984568e-05
sig(sel),0.003395280261532052,0.0038849614369053003,0.004992658139478704,0.0036124244397154194,0.0033402295481713257,0.00408307542510212,0.003637312066585343,0.0035014270799235653
