Measurment,Ret_ESG,Sha_ESG,Sor_ESG,Ste_ESG,Ret,Sha,Sor,Ste
Active return,0.8219979511855869,0.8233009465149734,0.8140276439119374,0.8197590444503724,0.8412266906865596,0.683612548258828,0.8311215765326079,0.813472207734119
mu(all),-5.219649636264104e-05,-5.522521798225784e-05,-5.620093171206972e-05,-5.3447282073011783e-05,-6.0816365626514825e-05,-8.841663415698763e-05,-5.729044686277857e-05,-5.636366276552715e-05
sig(all),0.005155448070610155,0.005263463352148763,0.0053470867111692156,0.005174412005046976,0.005960023058051285,0.008042316564948027,0.005937744767682949,0.005605151055171305
mu(sel),-2.627032749860129e-05,-2.245711294161535e-05,-2.6119936706338426e-05,-2.6097148162228476e-05,-6.478029244779138e-06,-6.230543319162933e-05,-1.559345131410502e-05,-2.6045416523741197e-05
sig(sel),0.004134944459623785,0.004186070649152221,0.004196896309974104,0.004205334519594142,0.005096862098987753,0.005957274085217119,0.004460431800730482,0.00410566072877853
