Measurment,Ret_ESG,Sha_ESG,Sor_ESG,Ste_ESG,Ret,Sha,Sor,Ste
Active return,0.9258736371771766,0.9258736371771766,0.9258736371771766,0.9258736371771766,0.9258736371771766,0.9258736371771766,0.9258736371771766,0.9258736371771766
mu(all),-1.3553118405011167e-05,-1.3553118405011167e-05,-1.3553118405011167e-05,-1.3553118405011167e-05,-1.3553118405011167e-05,-1.3553118405011167e-05,-1.3553118405011167e-05,-1.3553118405011167e-05
sig(all),0.002743235992534691,0.002743235992534691,0.002743235992534691,0.002743235992534691,0.002743235992534691,0.002743235992534691,0.002743235992534691,0.002743235992534691
mu(sel),-1.7300958860771816e-05,-1.7300958860771816e-05,-1.7300958860771816e-05,-1.7300958860771816e-05,-1.7300958860771816e-05,-1.7300958860771816e-05,-1.7300958860771816e-05,-1.7300958860771816e-05
sig(sel),0.003388983828103172,0.003388983828103172,0.003388983828103172,0.003388983828103172,0.003388983828103172,0.003388983828103172,0.003388983828103172,0.003388983828103172
