Measurment,Ret_ESG,Sha_ESG,Sor_ESG,Ste_ESG,Ret,Sha,Sor,Ste
Active return,0.8966080535282871,0.8992086280245944,0.8990868244647017,0.8971359560039331,0.8983954200490051,0.8978555414767458,0.9380235387355869,0.8985165457147142
mu(all),-2.776335491098403e-05,-2.7355615450341726e-05,-2.7480789719181628e-05,-2.7654828565366792e-05,-2.7786324271859562e-05,-2.774317174254253e-05,-2.6162915066504505e-05,-2.787330735907941e-05
sig(all),0.002600159504529629,0.0025877766948739864,0.002609427193615465,0.0026005224218569926,0.00258835811084405,0.00260913644255134,0.0032479709795147733,0.002616422620726381
mu(sel),-1.641484500067227e-05,-1.56417009043124e-05,-1.5578485562336614e-05,-1.6278750424837073e-05,-1.5586446111657224e-05,-1.5869799047871316e-05,1.6800189528420883e-06,-1.5421958112948978e-05
sig(sel),0.003607788334779468,0.003571085240994392,0.0035522880103332844,0.0036083968986939945,0.0035740800707448304,0.0035764706741450826,0.004398084184964965,0.0035974705583732627
