Measurment,Ret_ESG,Sha_ESG,Sor_ESG,Ste_ESG,Ret,Sha,Sor,Ste
Active return,0.8932688589828639,0.8944590307884243,0.8922191252450209,0.8996588197538175,0.8947777228319186,0.8947189911238266,0.8966911949066417,0.890511418634942
mu(all),-2.8634187380250643e-05,-2.890404866721657e-05,-2.8283534729198e-05,-2.817310713070845e-05,-2.846112749744419e-05,-2.8597547363142486e-05,-2.7749196552211022e-05,-2.820980947018559e-05
sig(all),0.0026455350881236166,0.0026356133700349625,0.0026518143005066085,0.0025733821193933016,0.0026238506939010816,0.0026396201340895867,0.0025874267573134553,0.0026519985741135154
mu(sel),-1.7230785136755418e-05,-1.6392776228666967e-05,-1.8082151879702283e-05,-1.4732644999914602e-05,-1.6684102290262108e-05,-1.658874644367793e-05,-1.64721887610531e-05,-1.8972904397520304e-05
sig(sel),0.0035778633404097908,0.003602787192941189,0.00354223459515461,0.003581483816876197,0.003619239140896641,0.0035814305824007097,0.0036961956941308155,0.0035157634728443035
