Measurment,Ret_ESG,Sha_ESG,Sor_ESG,Ste_ESG,Ret,Sha,Sor,Ste
Active return,0.981912387388572,1.0075427584497059,0.9982985910749076,0.9939150455835661,1.0822042964452558,1.0009111993573163,0.9748395612596824,1.0063238388180487
mu(all),-3.791360736430984e-06,-2.030716384281428e-06,-3.826681612062061e-06,-1.9128155129753225e-06,1.4126303602381037e-05,-1.0849519828086638e-05,-2.753187309264618e-06,-1.5772831564779544e-06
sig(all),0.0005673441769545312,0.0004547153036687221,0.0005217034596248086,0.0006217138400517991,0.0017053776002765406,0.0015774842396166814,0.0006405145980632623,0.0006721317748266748
mu(sel),6.325581552180567e-08,3.6448830865925867e-06,3.5227539667359586e-06,7.121145204073975e-07,3.0669076901049253e-06,1.1653244751691125e-05,-2.4862388419722344e-06,2.9602038217155927e-06
sig(sel),0.0008113872564798199,0.0006441646710330237,0.0005971204154773561,0.0007459931781928243,0.002580894088141101,0.002336278872899158,0.0007034277409370199,0.0006545119836350768
