Measurment,Ret_ESG,Sha_ESG,Sor_ESG,Ste_ESG,Ret,Sha,Sor,Ste
Active return,0.9269368814666638,0.9110894951548596,0.8863367059866679,0.9243436086955162,0.9271066607618511,0.9194172530048802,0.871353049144328,0.9236047157616056
mu(all),-1.2969336160099905e-05,-1.1749920097451173e-05,-1.8107055757323906e-05,-1.2925540547439892e-05,-1.2992323159809302e-05,-6.896388980572798e-06,-2.4890160953497913e-05,-1.3195843025352771e-05
sig(all),0.002690273580753112,0.0026345562632170785,0.003049298806026341,0.002718554652634192,0.0026923836151436344,0.002465758067809334,0.003378570883097332,0.0027061948972716783
mu(sel),-1.7424146565650395e-05,-2.5579470028417677e-05,-3.0305865924085046e-05,-1.859753510782655e-05,-1.7324311943207954e-05,-2.643265047935021e-05,-3.049562012420193e-05,-1.865127493007749e-05
sig(sel),0.0033950100039470982,0.003916799067127958,0.004134816935766156,0.0034592122549392717,0.00339468755854844,0.004346820115562464,0.004165665308921186,0.003491909341662159
