Measurment,Ret_ESG,Sha_ESG,Sor_ESG,Ste_ESG,Ret,Sha,Sor,Ste
Active return,0.849329296178576,0.8714989167004603,0.8635029465191574,0.8597112909145218,0.850695781674309,0.8424984284418635,0.843211481070825,0.8704445821527367
mu(all),-1.670948835362687e-05,-1.5976818206533475e-05,-1.851960546322133e-05,-1.6153247418784627e-05,-1.605644571426199e-05,-1.7494542005467155e-05,-1.630499062832603e-05,-1.6418302963491528e-05
sig(all),0.002869973708922967,0.0029723699681217662,0.0030404461320790643,0.002996293290544968,0.003039898663122806,0.003126111657321806,0.0029012049878779397,0.002935165624987724
mu(sel),-1.5596524092358946e-05,-1.1071644355523102e-05,-1.0419161835662518e-05,-1.3636083546925046e-05,-1.5941117120182705e-05,-1.6367110260775883e-05,-1.7565353018348845e-05,-1.0950321063046553e-05
sig(sel),0.00415541243675111,0.003927396584632746,0.003946047083587874,0.0040914287707839725,0.0039861811819223575,0.004230913396190905,0.004048538738350578,0.003840536948888032
