,Ret_ESG,Sha_ESG,Sor_ESG,Ste_ESG,Ret,Sha,Sor,Ste
0,1.0179181575004557,1.02109479879211,1.021673674379889,1.01773340401793,1.0186192291830207,1.0219568540175903,1.0268420443191564,1.0166480493699743
1,1.4410467325690253e-05,5.9528860157446555e-06,4.886824872064007e-05,1.114184303069902e-05,1.588347268215366e-05,1.3187489475615284e-07,2.267775590464834e-05,9.709442064239996e-06
2,0.0036120213593645316,0.003655483714723484,0.0038372820833371657,0.003590731589858761,0.0038571159670407053,0.003995975681946382,0.004766677617852767,0.0034456050584011815
3,0.0001060917872024425,0.00013543806959813646,9.71398925202438e-05,0.00010814228520662864,0.0001095031759717909,0.00014730282242568117,0.00015768600863310666,0.00010229111800073687
4,0.003872208238856042,0.0042050489208908465,0.004426202768982825,0.004006760525626476,0.004042426722537911,0.00456124414495339,0.005142731285363667,0.003797164499754148
