Measurment,Ret_ESG,Sha_ESG,Sor_ESG,Ste_ESG,Ret,Sha,Sor,Ste
Active return,0.9589769176354345,0.9688916645359469,0.9714560160983594,1.0577605426615815,1.044932076618887,1.0167717655198314,0.9922285349995735,1.0534598808641544
mu(all),9.950019949376831e-06,8.800886929403866e-06,-2.045282401837531e-05,1.9503437209770723e-05,-1.6258368585487607e-06,7.5642596821779335e-06,9.48079578748697e-07,-2.689294935955359e-06
sig(all),0.0028459141242160096,0.0030309524797604956,0.0030157962309320316,0.002790063564898597,0.002930476595629707,0.0030184843365914623,0.0029104836230878007,0.002995615863550165
mu(sel),-2.5866571956545405e-05,-2.0394937576099872e-05,1.0042434978187556e-05,5.5764104960356885e-06,2.1392231417918148e-05,8.701455138470278e-07,-2.6250478657427007e-06,2.5904615361726918e-05
sig(sel),0.0039481192651289925,0.0038768607263678038,0.004083655875968127,0.004005701023410755,0.0037215550391584452,0.003632191263279402,0.004052251715454725,0.003670716992400921
