Measurment,Ret_ESG,Sha_ESG,Sor_ESG,Ste_ESG,Ret,Sha,Sor,Ste
Active return,0.8907886887095913,0.8888320317790165,0.8933630549557291,0.8996588197538175,0.8920139449077514,0.8929633371889473,0.8966911949066417,0.890511418634942
mu(all),-2.8734281620662045e-05,-3.0432032242535884e-05,-2.7991761974400148e-05,-2.817310713070845e-05,-2.9687244293529198e-05,-2.7756069821969112e-05,-2.7749196552211022e-05,-2.820980947018559e-05
sig(all),0.0025586057959091314,0.0026448534601961927,0.002575330563042835,0.0025733821193933016,0.0027273944165973696,0.0025480989696214274,0.0025874267573134553,0.0026519985741135154
mu(sel),-1.829098263263203e-05,-1.723367026169415e-05,-1.7899961706218095e-05,-1.4732644999914602e-05,-1.671691619645888e-05,-1.8253997089934296e-05,-1.64721887610531e-05,-1.8972904397520304e-05
sig(sel),0.0036155308069412786,0.0040491484477884815,0.003481156134737899,0.003581483816876197,0.003603167359365258,0.0036205477361551087,0.0036961956941308155,0.0035157634728443035
