Measurment,Ret_ESG,Sha_ESG,Sor_ESG,Ste_ESG,Ret,Sha,Sor,Ste
Active return,0.9324744374482855,0.9193317498908768,0.9381045033841156,0.9201267075568417,0.9276331810523312,0.8828127604711874,0.9120114826208344,0.9286710040971345
mu(all),-1.1694071442899394e-05,-1.4854498090104994e-05,-1.0893512925399483e-05,-1.6772884191508552e-05,-1.1644113365435546e-05,-2.4105746244970688e-05,-1.7129028420634984e-05,-1.3200942737574809e-05
sig(all),0.0026147382083155854,0.00365835810563989,0.0025043184560864613,0.0032856686638554626,0.0025215560050322306,0.004100148955617491,0.0033869527581840983,0.002875932422550249
mu(sel),-1.6280111003534178e-05,-1.7104032661801683e-05,-1.4447928142254178e-05,-1.6330343875766188e-05,-1.845398358397627e-05,-2.488732178250882e-05,-1.9576554225401704e-05,-1.6480673922277217e-05
sig(sel),0.0033009729671080027,0.0051719100978075165,0.003558956756127804,0.003511628602270922,0.00340711764360839,0.0053040888150921815,0.003645192939760309,0.0030053312352655848
