Measurment,Ret_ESG,Sha_ESG,Sor_ESG,Ste_ESG,Ret,Sha,Sor,Ste
Active return,1.0074924673778716,1.0288028003166705,1.0227615972705082,1.0037835715749164,1.0556770324979232,1.0145777184015494,0.9937153945618046,1.0035302910111372
mu(all),-2.615638129938653e-06,-5.1109131228947876e-05,-7.809927710106246e-05,-2.0659188959302557e-05,9.604515815661883e-06,-1.005044825739327e-05,2.5856105464279313e-05,-5.176321344184541e-06
sig(all),0.0020752542185631245,0.003311552883651101,0.003297704413979482,0.001752962009478837,0.0020903226778528497,0.002894548062306519,0.001441151481381429,0.0024535400909738753
mu(sel),4.490590672797791e-05,0.00021974023799901961,0.00021416065939164217,4.917433166355894e-05,0.00030185247704913535,0.0001000902604444551,-6.0145861851811246e-05,2.5480646866179704e-05
sig(sel),0.001985063725151031,0.010904218407046263,0.010893954677071282,0.009171768660400705,0.010829033973641483,0.010123448161217984,0.002224552137686095,0.001775142018695767
