Measurment,Ret_ESG,Sha_ESG,Sor_ESG,Ste_ESG,Ret,Sha,Sor,Ste
Active return,0.9734443145790255,0.9825706324400666,0.9924078945784577,0.941839384809985,0.9517503744606985,0.960482159022716,0.8534454292284405,0.9188872105845491
mu(all),-4.862321819998816e-05,-1.4736390000180492e-05,-5.954660399508464e-06,-2.0774416461923166e-05,-3.279917746448909e-05,-4.596489960746371e-05,-2.771767530880383e-05,-4.730925279430276e-05
sig(all),0.007151869739749463,0.0034970606117877656,0.0031793571723097427,0.0036683669787140665,0.004210822343871872,0.006923851398860556,0.005200955258832384,0.00552667980634698
mu(sel),4.63775629890942e-05,1.2228527672692298e-05,6.718617662876329e-06,3.649799386669095e-06,2.001022442538869e-05,4.069673738565882e-05,-1.980558864228943e-05,2.522217971046729e-05
sig(sel),0.006206404871288706,0.0052595433716941765,0.00535037642519638,0.00467528926564392,0.00542021686690472,0.007519067759939466,0.006693536081940663,0.006657842566785749
