Measurment,Ret_ESG,Sha_ESG,Sor_ESG,Ste_ESG,Ret,Sha,Sor,Ste
Active return,1.657,-7.519,1.022,18.184,5.692,-0.413,3.863,7.711
mu(all),4.322,0.932,-15.272,12.114,1.458,16.733,-3.165,3.14
sig(all),0.00169,0.00241,0.00186,0.00218,0.00178,0.00225,0.00214,0.00161
mu(sel),-0.219,-16.512,18.064,23.821,10.634,-16.773,11.774,13.343
sig(sel),0.00247,0.00214,0.00235,0.00313,0.00211,0.00251,0.00225,0.00309
