Measurment,Ret_ESG,Sha_ESG,Sor_ESG,Ste_ESG,Ret,Sha,Sor,Ste
Active return,0.8848251537139405,0.9001353312403019,0.9068689596505777,0.945997172459395,0.9124501131044854,0.8480647409289634,0.8949064253877373,0.9098281253439655
mu(all),-3.6359854175836774e-05,-2.8104042347076807e-05,-3.353641485877523e-05,-2.7163606942627468e-05,-3.736024158882819e-05,-4.520546010550047e-05,-2.7060505241825856e-05,-1.655209782869548e-05
sig(all),0.0030610057325374403,0.0026789259144338416,0.0032643297597316047,0.0029519185630183346,0.0033046942715500268,0.004063646882031315,0.003312739581360282,0.0016140279646328862
mu(sel),-1.3094111834114416e-05,-1.462084575069541e-05,-5.965139359123755e-06,5.8104650671027105e-06,1.3608586284565595e-06,-2.1163415979001076e-05,-1.7696103570957787e-05,-2.107616553990865e-05
sig(sel),0.003691742544728585,0.0034370259586392828,0.0033249682233853508,0.004380178872999951,0.004756984816091543,0.004612814554631599,0.0033828649378753474,0.004712563206259594
