Measurment,Ret_ESG,Sha_ESG,Sor_ESG,Ste_ESG,Ret,Sha,Sor,Ste
Active return,0.9416522172528876,0.8939973382199756,0.9140591323216711,0.9036531727767896,0.9146958715821976,0.8827259449305159,0.9307295603333606,0.877014836988595
mu(all),-1.5471257494050463e-05,-2.5456051938127056e-05,-2.0386105617283786e-05,-2.1135509750623616e-05,-2.1799325684881186e-05,-2.2534401369143567e-05,-2.2341646043966786e-05,-2.594851730600297e-05
sig(all),0.003492923804360336,0.00392113014770039,0.003619508798365542,0.003594625217196211,0.0035581081420087597,0.0035757973368701784,0.004202306423067674,0.0038770173625018067
mu(sel),-2.7316857192571562e-06,-9.610712072885515e-06,-7.682074278024253e-06,-1.0623861432507783e-05,-5.9872377951085685e-06,-1.7026981551409212e-05,9.379479169983422e-07,-1.537788896994552e-05
sig(sel),0.003595299838793565,0.003996644777419666,0.003550639481408751,0.003796321314939424,0.0036050677842964247,0.00386591204692468,0.00416133189548498,0.0041538250954576295
