Measurment,Ret_ESG,Sha_ESG,Sor_ESG,Ste_ESG,Ret,Sha,Sor,Ste
Active return,0.8872336778308348,0.8798918715001217,0.8793801525700766,0.8845567639452337,0.8811797352206832,0.8855105687412655,0.8896172824177051,0.88837342059088
mu(all),-1.2421549260139577e-05,-1.3867220365430533e-05,-1.3227816623438693e-05,-1.221210958590462e-05,-1.3360438625772594e-05,-1.3118087346535717e-05,-1.2492365566486262e-05,-1.313898988807088e-05
sig(all),0.002803456009847824,0.0028371925456952217,0.0027637102294525203,0.002859445752388385,0.0028506999178756222,0.0027850160740527483,0.002803892573181448,0.002816180958540249
mu(sel),-1.0976594105510986e-05,-1.1174164624343832e-05,-1.1981816570143916e-05,-1.1745183993231341e-05,-1.1388087500638933e-05,-1.0659260969294708e-05,-1.0328472497072028e-05,-9.9849307863141e-06
sig(sel),0.003834178193300194,0.003963384236132848,0.003924006095050047,0.0039247779563256115,0.003935722863516676,0.0038861224645104606,0.003863809345156876,0.0038454381462523575
