Measurment,Ret_ESG,Sha_ESG,Sor_ESG,Ste_ESG,Ret,Sha,Sor,Ste
Active return,0.934564160432853,0.8488876374071149,0.9788083788660706,1.145097498972601,0.9764586269998156,0.9242830909200661,1.0063400777784872,1.0436224504649931
mu(all),8.178090210270925e-06,-1.3946985942708962e-05,-1.925375960615143e-05,1.0238081442698217e-05,-1.379498446291152e-05,8.610639898434293e-06,-9.544171715735554e-06,1.2778272816595105e-06
sig(all),0.0021615380195869694,0.0017168553239586186,0.0015347454332999583,0.001924177162163642,0.0016826551898660766,0.0017103045433787707,0.0016128023907265787,0.0015321188103281512
mu(sel),-2.121334641161069e-05,-1.927705580925828e-05,1.5311388740331134e-05,1.888925051065961e-05,9.449320844565069e-06,-2.4105391626568404e-05,1.1437211710925178e-05,8.451172630223233e-06
sig(sel),0.002919922845352146,0.0028737820339163984,0.002128977938317152,0.0027527106570468915,0.0022446315339352332,0.002956067105281592,0.0021747531699537114,0.0027777084831556906
