Measurment,Ret_ESG,Sha_ESG,Sor_ESG,Ste_ESG,Ret,Sha,Sor,Ste
Active return,0.7991526086038768,0.8176334055602986,0.7945454072522455,0.7968229517484424,0.7833495327660848,0.7971724040825943,0.7446964404829886,0.8420541266559537
mu(all),-4.8111070230925e-05,-4.362556788818505e-05,-4.392591966234876e-05,-4.3516391919391405e-05,-4.676244921379547e-05,-4.542438094531124e-05,-4.69169199037119e-05,-4.6291638526109456e-05
sig(all),0.00272244112753328,0.0026525189118628005,0.002637403892980089,0.002600204589099359,0.0024737541527570495,0.0026759603299617526,0.003075313097543768,0.002760777763928507
mu(sel),-4.322661454583839e-05,-3.826636368201926e-05,-4.996385026022695e-05,-4.9262121436729525e-05,-5.3563101026964655e-05,-4.720363115167053e-05,-7.284027593622751e-05,-2.3560367250637834e-05
sig(sel),0.004728430140720185,0.004675515779201913,0.004495349451150696,0.004390178687731779,0.0037601178251565307,0.004326292184550158,0.005508731092926801,0.004180936399654721
