Measurment,Ret_ESG,Sha_ESG,Sor_ESG,Ste_ESG,Ret,Sha,Sor,Ste
Active return,0.8960865986765438,0.7809070191884222,0.8019008533088549,0.8056389096138897,0.8055288156295798,0.8074400927717027,0.7165280670545889,0.823065656882901
mu(all),-2.8311563275526344e-05,-4.652775752075196e-05,-4.273477678497538e-05,-4.130277515950474e-05,-3.7845732297988925e-05,-4.3639141205414806e-05,-6.413082653397115e-05,-3.654191254845178e-05
sig(all),0.0028797979568210962,0.0027785283671200095,0.002633779159490666,0.0025889134645610285,0.0025237190929318426,0.0026806511682394224,0.0031610433809574926,0.002865655140934926
mu(sel),-1.4903053950184782e-05,-5.4684486560075454e-05,-4.731244396352289e-05,-4.6883877126153256e-05,-5.070910971485506e-05,-4.365773420172724e-05,-7.158630491016773e-05,-4.2199267539994404e-05
sig(sel),0.005043176995516476,0.004325259765504791,0.004492318504008118,0.004415746907428654,0.003826793447587903,0.004328239021665536,0.0058112767487660515,0.00489948911781973
