Measurment,Ret_ESG,Sha_ESG,Sor_ESG,Ste_ESG,Ret,Sha,Sor,Ste
Avg ESG,21.70321976365256,22.238934325152346,21.7447003510669,22.556754279617532,21.095378110588566,21.683747895385526,25.877488925555518,24.62223474047716
Pearsons R,0.1527030036991734,-0.15462335121556445,0.2185153173769076,0.26219365215048374,0.05047958480965743,0.1532116146723246,0.2723033178712836,0.5412744413836509
p value,0.0006122914909374532,0.0005210042851445529,8.069965115329998e-07,2.639062457699362e-09,0.25989003808310435,0.00058676784707826,5.977712216667615e-10,2.1203821879999792e-39
