Measurment,Ret_ESG,Sha_ESG,Sor_ESG,Ste_ESG,Ret,Sha,Sor,Ste
Avg ESG,21.17144053959449,19.783011240216542,19.89340554427571,20.844949197525757,20.859816652724813,21.627636034375985,20.751860277954044,21.21479630938226
Pearsons R,0.10086739381848417,-0.3393465181944873,0.18916147403815478,0.01523295313987287,0.003772057816370321,0.13394687698638028,-0.12525677054304796,-0.010043608915281273
p value,0.04404717956592708,3.2860001756674068e-12,0.0001441051285102781,0.761630023973133,0.9401266558368312,0.007378149044647878,0.012279063756902433,0.8414832746314932
