Measurment,Ret_ESG,Sha_ESG,Sor_ESG,Ste_ESG,Ret,Sha,Sor,Ste
Avg ESG,21.076924392805562,20.736941453210136,23.400456910477594,21.13841160229291,21.07728624118456,20.22450982184994,22.46553925584393,21.15709820354926
Pearsons R,0.026308390917666367,-0.11753203635942377,0.23237835750847596,0.008487986066977218,0.022651746813047522,-0.22097585361563227,0.16030508373053512,-0.003049077109264624
p value,0.6003121463479293,0.018850212193487953,2.711191600286221e-06,0.8657820875498343,0.6519127069174292,8.376152728557e-06,0.0013142610671948822,0.9515867214045399
