Measurment,Ret_ESG,Sha_ESG,Sor_ESG,Ste_ESG,Ret,Sha,Sor,Ste
Avg ESG,21.070136398441,21.059665867740996,21.08483382556975,21.09197855907675,21.05318693235675,21.10149644500175,21.976923956,21.070035412322
Pearsons R,0.046755081570014595,0.03582990914173562,-0.034662202369354064,-0.08387374215226706,0.021630591853308248,0.03559770289163669,,0.0023728011714000685
p value,0.3509824351351558,0.47486547721119604,0.4893881576278868,0.09389931205770917,0.6662441110086147,0.47773449960925063,,0.962268089892163
