Measurment,Ret_ESG,Sha_ESG,Sor_ESG,Ste_ESG,Ret,Sha,Sor,Ste
Avg ESG,21.161249995206262,21.264072818354936,20.938300006437874,21.624802674405515,21.022561338651123,22.197426523364918,22.15290212895299,21.27385123796165
Pearsons R,-0.020969300823502318,0.09194587059679277,-0.2223137751540959,-0.10027593099456894,-0.029046635792362885,-0.1605666474368398,-0.24793531252401546,-0.17655025019093407
p value,0.6762445269299957,0.06654372272670277,7.359901608984225e-06,0.04530904553681511,0.5629212926902609,0.0012901641993122632,5.289847643181897e-07,0.0003950070010478298
