Measurment,Ret_ESG,Sha_ESG,Sor_ESG,Ste_ESG,Ret,Sha,Sor,Ste
Avg ESG,20.899917001995,21.015398236620378,21.028195189249622,21.0600358823225,21.108660254014126,21.010272394812628,20.976593003184874,20.851848703692625
Pearsons R,0.05761128332246518,0.05154932500641071,0.05326878628703486,-0.00978559234183843,0.05047199971994239,0.0006745802306553778,0.016914840267636518,0.018342262871341813
p value,0.10346175467981512,0.145192616859131,0.13222593596005483,0.7822775762208323,0.1537988933104999,0.9848010760703703,0.6328566038530837,0.6044373982641982
