Measurment,Ret_ESG,Sha_ESG,Sor_ESG,Ste_ESG,Ret,Sha,Sor,Ste
Avg ESG,20.509295224483537,22.142153997693978,22.13967789993686,21.172537746430507,20.06484362647253,21.166534801777722,19.419524225341533,21.37345254352225
Pearsons R,-0.7679780556112284,0.4601441735010643,,0.6839627133980869,0.07967727076391284,-0.5845525541574872,-0.6332963489533101,0.4981296135324748
p value,7.271804828619684e-07,0.010510958735546581,,3.0847823715571566e-05,0.6755573566831807,0.0006934087819744485,0.00017244654616666748,0.005088912978186008
