Measurment,Ret_ESG,Sha_ESG,Sor_ESG,Ste_ESG,Ret,Sha,Sor,Ste
Avg ESG,21.05989589046344,21.030173538846725,20.984002416104005,21.02857491440971,21.028551809469047,21.0579484396128,21.03864881504025,20.95313290844151
Pearsons R,-0.08513462928551654,-0.04650286054662894,-0.0193764042271881,-0.006071431607031668,0.009979833190057451,0.05404335346882973,0.0026829383989773,-0.009186454632403293
p value,0.08904586861075979,0.3535899158257226,0.6992362983362291,0.9036516407255475,0.8422807511721176,0.2809120978259264,0.9573407499935359,0.8546740661266462
