Measurment,Ret_ESG,Sha_ESG,Sor_ESG,Ste_ESG,Ret,Sha,Sor,Ste
Avg ESG,21.11870483607569,21.094164429053635,21.183299909214035,21.117034606458898,21.078487862014036,21.093536731229324,20.996168038685965,21.182451371090224
Pearsons R,-0.0920086829216758,-0.04957208859084648,-0.019919313332602294,-0.05585709534514956,-0.10827877988624665,-0.01521975083208199,-0.074054757931483,-0.07790066221645392
p value,0.0663573447615134,0.3232984028772648,0.691604175936024,0.2656597630611836,0.03058407148095674,0.7618303897632509,0.13977487504329858,0.12029318209271261
