Measurment,Ret_ESG,Sha_ESG,Sor_ESG,Ste_ESG,Ret,Sha,Sor,Ste
Avg ESG,20.60926950278782,22.295796377129744,21.506831028976176,22.0612995240854,25.207019383441367,20.927272418391002,22.583649434299197,22.00002948422987
Pearsons R,0.22668343407913566,-0.6364458131143151,-0.694429827154127,-0.6829397498933811,-0.09647647368464726,-0.3571883113737741,-0.4533084296188213,-0.700044702307748
p value,3.007987941838994e-07,3.9021465503128326e-58,3.3888605117975065e-73,6.210378050055232e-70,0.03101239410901178,1.716744072283889e-16,1.0431814272376547e-26,7.564583292350518e-75
