Measurment,Ret_ESG,Sha_ESG,Sor_ESG,Ste_ESG,Ret,Sha,Sor,Ste
Avg ESG,17.291685236440177,18.665660883977395,19.30850548626995,23.443693788015036,21.106465272207643,21.41487859470502,20.79842717555777,20.959602353624938
Pearsons R,-0.03821646447566697,0.03590138078988658,-0.41994925941317657,-0.05202094065425608,-0.05862623823623529,-0.07181462434330094,-0.12156575060777469,-0.17109115147450832
p value,0.4465039162165011,0.47454095765852866,1.771271530240316e-18,0.2999412559481508,0.24264975666050792,0.1521882512477425,0.015112448056212998,0.0005987921618274019
