Measurment,Ret_ESG,Sha_ESG,Sor_ESG,Ste_ESG,Ret,Sha,Sor,Ste
Avg ESG,21.1372877015608,20.86132121255477,21.0957313895005,21.11921957692814,21.01546838540076,21.03427471375528,20.992171448361308,21.179240623207537
Pearsons R,0.18321422278186714,0.01993263016800008,0.023285596225654927,0.09919549068545798,-0.07420434448730497,-0.3040439260809188,-0.20308887847143892,-0.036671880774465315
p value,0.009591020964234545,0.779906595306202,0.7440773289415715,0.1633327888879735,0.2975862562548732,1.2662741748435904e-05,0.004015830864943485,0.6070879580785163
