Measurment,Ret_ESG,Sha_ESG,Sor_ESG,Ste_ESG,Ret,Sha,Sor,Ste
Avg ESG,20.98736501838686,20.98736501838686,20.98736501838686,20.98736501838686,20.98736501838686,20.98736501838686,20.98736501838686,20.98736501838686
Pearsons R,-0.0754061871341495,-0.0754061871341495,-0.0754061871341495,-0.0754061871341495,-0.0754061871341495,-0.0754061871341495,-0.0754061871341495,-0.0754061871341495
p value,0.13267066336746097,0.13267066336746097,0.13267066336746097,0.13267066336746097,0.13267066336746097,0.13267066336746097,0.13267066336746097,0.13267066336746097
