Measurment,Ret_ESG,Sha_ESG,Sor_ESG,Ste_ESG,Ret,Sha,Sor,Ste
Avg ESG,21.196319939004088,20.606985963738676,22.010846645029854,21.0955378568133,21.152864507447735,21.153782470234464,21.490188779345754,21.095245301953085
Pearsons R,,-0.6038532545622028,-0.02576685317552071,,,,0.21520014752273156,
p value,,0.00041055201002851297,0.892488390604387,,,,0.2534297193645243,
