Measurment,Ret_ESG,Sha_ESG,Sor_ESG,Ste_ESG,Ret,Sha,Sor,Ste
Avg ESG,21.003488551404754,20.93421295955175,21.050223196783744,21.03223544555075,21.024595857489285,20.98027779540925,21.091902138200858,21.07432972627979
Pearsons R,0.03092123452041765,0.10734196924387851,0.05821207199942316,-0.0021608095463247247,0.11244718178407513,0.017498968104235374,-0.015072189128012642,-0.06067655366878378
p value,0.5374743191015813,0.031847002482642404,0.2454048211926776,0.9656369682362379,0.024509767871469346,0.7271562628817152,0.7637824613249243,0.22595319149520984
