Measurment,Ret_ESG,Sha_ESG,Sor_ESG,Ste_ESG,Ret,Sha,Sor,Ste
Avg ESG,20.78385646189377,21.322689732834316,21.11311654062202,20.792889210692934,20.860710380135302,21.7350834930873,22.09602220170503,20.730036689905678
Pearsons R,0.15042915468286672,-0.14430189756236947,0.5875688949996527,-0.4460177671562402,0.2069276728161266,-0.14217417881429031,0.7119127926277701,-0.5346154811634956
p value,0.4275129499482685,0.4467855737967865,0.0006402552874535465,0.013496718230228986,0.27257215696446024,0.4535856591509516,1.0256082922843722e-05,0.002338227568327621
