Measurment,Ret_ESG,Sha_ESG,Sor_ESG,Ste_ESG,Ret,Sha,Sor,Ste
Avg ESG,20.974821428393497,20.964631713914496,21.050223196783744,21.03223544555075,20.96098711448315,21.20419089491025,21.003765269384626,20.861040700517
Pearsons R,-0.05825519619025516,-0.02010939331227566,0.0633333243571331,0.008458089613953888,-0.0710161901419122,-0.09705199167765022,-0.054057967989968134,-0.09610025971481506
p value,0.24505469254837525,0.6884423823065048,0.20624019051102715,0.8660834211495255,0.1562873259513798,0.05243487655595567,0.2807818389672803,0.054802706029802396
