Measurment,Ret_ESG,Sha_ESG,Sor_ESG,Ste_ESG,Ret,Sha,Sor,Ste
Avg ESG,21.256041646609432,21.721205712299337,21.440712986752246,21.21285703474985,21.47029754223464,21.966697545715817,20.624762138028622,21.119385923920444
Pearsons R,0.6920864237772024,0.4825362368531375,0.3486648479455089,-0.006691144339682653,0.2837918386417637,0.3571269103336865,0.6173358182941532,0.009678214327377158
p value,1.6143608199977635e-72,1.596580514192993e-30,9.728913255964834e-16,0.8813597372615843,1.0247908169464739e-10,1.7386591933712605e-16,7.482952889983273e-54,0.8290852974741971
