Measurment,Ret_ESG,Sha_ESG,Sor_ESG,Ste_ESG,Ret,Sha,Sor,Ste
Avg ESG,20.779577461620338,21.13573204967115,21.050223196783744,21.03223544555075,21.024595857489285,20.98027779540925,21.091902138200858,21.07432972627979
Pearsons R,0.007498674656885543,0.18752412182822892,0.06589563068431134,-0.00263045698314417,0.028229655084906838,0.0020209979966881453,-0.04621974803016704,-0.08913399721702187
p value,0.881154175892393,0.00016177413507837646,0.1884366274180095,0.958174445378727,0.5734768251244674,0.9678591305053625,0.35653124638962364,0.07497017480709915
