Measurment,Ret_ESG,Sha_ESG,Sor_ESG,Ste_ESG,Ret,Sha,Sor,Ste
Avg ESG,21.168292646504263,21.259058254561655,20.976691119786718,21.117034606458898,20.988151077989972,21.041081833869928,20.996168038685965,21.182451371090224
Pearsons R,-0.011317826700667055,0.0073120689711208275,-0.14037142442313105,-0.05585709534514929,0.14492496550239256,-0.14958378554231316,-0.07405475793148089,-0.07790066221645528
p value,0.8216903923977833,0.8842354531085775,0.004968934236523969,0.2656597630611869,0.0037182847800605726,0.002740584697737629,0.13977487504330893,0.12029318209270631
