Measurment,Ret_ESG,Sha_ESG,Sor_ESG,Ste_ESG,Ret,Sha,Sor,Ste
Avg ESG,19.090474695653256,21.332858583478572,18.537147534749863,23.443693788015036,21.106465272207643,21.41487859470502,21.600079293013287,20.959602353624938
Pearsons R,-0.06059774511499655,-0.05827545311921115,-0.07326997649762733,-0.05202094065425608,-0.05862623823623529,-0.07181462434330094,0.021063170567969233,-0.17109115147450832
p value,0.22714282559601662,0.24548478523870915,0.14403214086554733,0.2999412559481508,0.24264975666050792,0.1521882512477425,0.6748777596615088,0.0005987921618274019
