Measurment,Ret_ESG,Sha_ESG,Sor_ESG,Ste_ESG,Ret,Sha,Sor,Ste
Avg ESG,21.021464220120215,20.978996920712827,20.991867228377657,20.994945649549983,21.005545852410645,21.023553889726387,20.996136396553588,20.997229449777997
Pearsons R,,-0.137026216561764,,,,,,
p value,,0.725183432908,,,,,,
