Measurment,Ret_ESG,Sha_ESG,Sor_ESG,Ste_ESG,Ret,Sha,Sor,Ste
Avg ESG,21.079758061453884,20.761461570486397,19.50316827960497,21.07394193806827,21.062839804813283,21.98923204233878,20.613938449194055,21.233607891180853
Pearsons R,0.019870033780308625,0.16695803377703264,0.08525886311239919,-0.0310158222981703,-0.03638329125130215,-0.02027224282316642,0.002246154556386777,-0.06408422598049998
p value,0.6923282333424946,0.0008138223908420799,0.08898065555134137,0.5367431257882835,0.46862654857265257,0.6864268754071627,0.9643255540033455,0.20146859214557752
