Measurment,Ret_ESG,Sha_ESG,Sor_ESG,Ste_ESG,Ret,Sha,Sor,Ste
Avg ESG,21.070136398441,21.059665867740996,21.08483382556975,21.09197855907675,21.05318693235675,21.090895957564747,21.05874872448625,21.070035412322
Pearsons R,-0.02528657390074347,-0.018302390250377942,0.009682820845619044,0.037046273156832,-0.046457914589518305,-0.11046937865139096,-0.0019833803987297895,-0.011676352979524289
p value,0.6141001660311849,0.7151615489391842,0.8469159769959808,0.45999177271285147,0.35405584803214685,0.02715802469138209,0.9684570671015973,0.8159134725888575
