Measurment,Ret_ESG,Sha_ESG,Sor_ESG,Ste_ESG,Ret,Sha,Sor,Ste
Avg ESG,20.970883016181997,20.9605615346655,20.36785866294982,19.940438782428174,20.960232217737,20.90529717136241,20.9707681980785,20.9769520635805
Pearsons R,-0.020259922563157683,-0.00391900778419978,-0.244065642100403,-0.37749958429254626,-0.15658471720353145,0.07193275788040525,0.2245938984737498,-0.15962765538897009
p value,0.6862334204425664,0.937720535251381,7.774124772971766e-07,5.388866320484998e-15,0.0016820397822869823,0.1509984483026457,5.735882686104189e-06,0.0013594507642040131
