Measurment,Ret_ESG,Sha_ESG,Sor_ESG,Ste_ESG,Ret,Sha,Sor,Ste
Avg ESG,21.093286240206126,21.08652373979625,21.133880947201124,21.0612469871775,21.090376737454125,20.952510160186122,21.0954796870115,20.983030019677873
Pearsons R,0.10984183327872019,-0.030946765114754325,-0.009669694057954068,0.035142637291284494,0.06833958230686545,-0.04019030310246522,-0.007614945411584639,0.024541228436080156
p value,0.0018622940883937784,0.38203797529383304,0.7847925027006627,0.32083847067655247,0.05333825895967324,0.2561932071248324,0.8297287094300774,0.488215549531989
