Measurment,Ret_ESG,Sha_ESG,Sor_ESG,Ste_ESG,Ret,Sha,Sor,Ste
Avg ESG,21.278873988055324,21.878501478966797,21.685988220417215,21.27646776886388,21.523178225057315,22.176806162823063,20.80498650566522,21.451703655314322
Pearsons R,-0.5957978462835273,-0.11838105028321755,-0.3099378714295953,-0.21947252046701748,-0.2114481246146078,-0.4369535048806789,-0.5937291140820496,-0.3330908029277528
p value,5.002588932365556e-06,0.4129044116678784,0.028494408919382673,0.12567262263737303,0.14046222473196285,0.0015101847121088416,5.498543800923009e-06,0.018094845173963557
