Measurment,Ret_ESG,Sha_ESG,Sor_ESG,Ste_ESG,Ret,Sha,Sor,Ste
Avg ESG,20.6,20.87,20.95,20.85,21.34,21.1,21.09,21.15
Pearsons R,0.012,-0.013,-0.075,0.106,-0.092,-0.043,-0.001,0.001
p value,0.7436871533367314,0.7172975308770312,0.03444119129511214,0.0027262729965181684,0.00943974889127371,0.22018100028864696,0.9792802290990107,0.9724602480752208
