Measurment,Ret_ESG,Sha_ESG,Sor_ESG,Ste_ESG,Ret,Sha,Sor,Ste
Avg ESG,21.09199880058747,21.059585873673935,21.09199880058747,23.443693788015036,21.106465272207643,21.08484247436832,20.79842717555777,20.959602353624938
Pearsons R,-0.006478134518748208,-0.07137889409762822,-0.006478134518748208,-0.05202094065425608,-0.05862623823623529,-0.07162142692353966,-0.12156575060777469,-0.17109115147450832
p value,0.8973608035207181,0.15469706659089438,0.8973608035207181,0.2999412559481508,0.24264975666050792,0.15329679495726714,0.015112448056212998,0.0005987921618274019
