Measurment,Ret_ESG,Sha_ESG,Sor_ESG,Ste_ESG,Ret,Sha,Sor,Ste
Avg ESG,22.433141145599997,21.129621588029824,20.753452064578447,20.39761570030677,21.106465272207643,21.41487859470502,21.600079293013287,20.959602353624938
Pearsons R,,-0.04720534829501773,-0.17619444576113985,-0.14934270792025686,-0.05862623823623529,-0.07181462434330094,0.021063170567969233,-0.17109115147450832
p value,,0.3469651575533878,0.0004060158009019744,0.002784781067865656,0.24264975666050792,0.1521882512477425,0.6748777596615088,0.0005987921618274019
