Measurment,Ret_ESG,Sha_ESG,Sor_ESG,Ste_ESG,Ret,Sha,Sor,Ste
Avg ESG,21.784147409212903,21.985786840311686,20.74706355367705,21.906676465535025,20.139662120070124,22.019595941351593,21.28777893412539,20.928809431893725
Pearsons R,0.23907518380501622,0.015135444475810608,0.18978346114796954,-0.15520092570391208,0.20729744854557866,-0.05967082097056625,0.15135779811081101,-0.1543066185376246
p value,1.3600560874693856e-06,0.763110245935732,0.00013687726312347205,0.001875498909621939,3.003645085796037e-05,0.2343436036482348,0.002434492166491093,0.0019939240091828426
