Measurment,Ret_ESG,Sha_ESG,Sor_ESG,Ste_ESG,Ret,Sha,Sor,Ste
Avg ESG,20.9,21.02,21.03,21.06,21.31,21.04,20.98,20.85
Pearsons R,0.058,0.052,0.053,-0.01,0.029,-0.054,0.017,0.018
p value,0.10346175467981512,0.145192616859131,0.13222593596005483,0.7822775762208323,0.4142580897854286,0.1260076830257478,0.6328566038530837,0.6044373982641982
