Measurment,Ret_ESG,Sha_ESG,Sor_ESG,Ste_ESG,Ret,Sha,Sor,Ste
Avg ESG,20.974821428393497,20.964631713914496,21.050223196783744,21.03223544555075,20.96098711448315,21.069040136427898,21.003765269384626,20.868790968811208
Pearsons R,-0.07146888807144165,-0.06408137164476027,-0.09988543733311508,-0.25211664662809824,-0.021749636040919416,0.03349690228450564,0.013545386576587137,0.036330361382932455
p value,0.15365788332057478,0.20092121954941752,0.045884720929499745,3.2332102837612147e-07,0.6645188599456392,0.504115105488822,0.7871046195706902,0.4687143103510172
