Measurment,Ret_ESG,Sha_ESG,Sor_ESG,Ste_ESG,Ret,Sha,Sor,Ste
Avg ESG,20.789508863094234,19.606651805845715,23.321053567539092,21.787948046267417,21.207197050732834,22.26674910345637,21.382459532411026,21.298800877382934
Pearsons R,-0.041769928235747766,0.3252454222202143,-0.3099462823384358,-0.18225523843507657,-0.0015277058030725155,-0.26422367265019775,-0.24504217044552967,-0.1656651704875534
p value,0.4053529510544535,2.7705570228781965e-11,2.479456686479299e-10,0.0002523903737839342,0.9757319526235271,8.470940839632483e-08,7.229222370351552e-07,0.0008945206781456343
