Measurment,Ret_ESG,Sha_ESG,Sor_ESG,Ste_ESG,Ret,Sha,Sor,Ste
Avg ESG,20.6,20.37,20.95,20.85,21.34,20.99,21.09,21.15
Pearsons R,0.012,0.017,-0.075,0.106,-0.092,0.029,-0.001,0.001
p value,0.7436871533367314,0.6284920042537788,0.03444119129511214,0.0027262729965181684,0.00943974889127371,0.4078092944245514,0.9792802290990107,0.9724602480752208
