Measurment,Ret_ESG,Sha_ESG,Sor_ESG,Ste_ESG,Ret,Sha,Sor,Ste
Avg ESG,20.779577461620338,21.13573204967115,21.050223196783744,21.03223544555075,21.024595857489285,20.98027779540925,21.091902138200858,21.07432972627979
Pearsons R,0.04394316178821403,0.15919972091184545,0.058212069212407846,-0.002160800315451031,0.11244715099191593,0.01749897564426134,-0.015072159455068321,-0.06067660164066769
p value,0.38073854847389543,0.0014010901675786018,0.24540484383196196,0.9656371149429952,0.024509807301174143,0.7271561499941349,0.7637829125910846,0.22595282385297538
