Measurement,Benchmark,Ret_ESG,Sha_ESG,Sor_ESG,Ste_ESG,Ret,Sha,Sor,Ste
P/L,0.16928390086035083,-0.02655568542097453,-0.017429367559933406,-0.007592105421542317,-0.05816061519001503,-0.048249625539301455,-0.03951784097728395,-0.14655457077155953,-0.08111278941545086
Sharpe,1.4527221924171168,0.9987018190681177,0.9826393760708357,0.7861948033808276,0.6513138603898538,0.7384575555953117,0.40998990833137533,-0.5186464785836777,-0.0507815704358711
Sortino,29.879158908174073,2.7612287745228303,6.577539627265306,3.7307736096532955,1.450696316073843,1.6904549505861866,0.7926575734852215,-0.6212860996778755,-0.08892878251004226
Sterling,9.928911879251535,-0.4568299780936485,-0.3013507844420251,-0.12103876971126466,-0.8787451353430428,-1.3096555309955609,-1.0569357207318433,-1.4170735075113743,-1.215682583302001
