Measurement,Benchmark,Ret_ESG,Sha_ESG,Sor_ESG,Ste_ESG,Ret,Sha,Sor,Ste
P/L,0.17957324666986452,-0.03929847191025271,-0.042149701260369654,0.02499050480825371,-0.06840934516405461,-0.05165970172280121,-0.07876325534194506,-0.08857441859111803,-0.06354601925316039
Sharpe,2.4116116148656284,-0.40310413465558687,-1.2779457602304254,0.7571003090021551,-0.5631255815932292,-0.9691828665363104,-0.6861570161392876,-1.5257794822630728,-0.6925874762404673
Sortino,0.0,-0.6290450914701581,-1.8682376544266324,1.5671144401721708,-0.7692268003950429,-1.6055070636896585,-0.8398314519650889,-1.611145813379188,-0.8647638861642832
Sterling,14.418008609604573,-0.6410947139655165,-0.536405200086497,0.9487406568584714,-0.9708222004439071,-0.7516135432030434,-1.3308437086457496,-1.2282120910624739,-1.1550451728020783
