Measurement,Benchmark,Ret_ESG,Sha_ESG,Sor_ESG,Ste_ESG,Ret,Sha,Sor,Ste
P/L,0.18074145775501416,-0.0757049028837864,-0.02334472618863681,-0.08695914600094956,-0.07086134484845741,-0.07290155197762183,-0.11428281663767503,-0.11990336011943747,-0.07640915551464111
Sharpe,2.410259691627247,-0.8322555428753817,-0.015958911326320074,-0.954673951033012,-1.0173380398166607,-0.7858532894150102,-1.2821291205262875,-1.0154460543910404,-0.8522609818635782
Sortino,0.0,-1.107211761883997,-0.0359712722943407,-1.2131698470356442,-1.2499134612219651,-1.034135912353577,-1.6722795151115861,-1.3743988070339936,-1.081996168065356
Sterling,14.61662900087471,-1.1288938810462312,-0.5343707333164432,-1.1265162778107811,-1.193943587215599,-1.1150328922422574,-1.2234033095500176,-1.1870536062853578,-1.0715730064939133
