Measurement,Benchmark,Ret_ESG,Sha_ESG,Sor_ESG,Ste_ESG,Ret,Sha,Sor,Ste
P/L,-0.009660758921191448,-0.002626596016727545,0.014562596695644414,-0.0055912416564898315,0.018497885281499427,0.013319246969203169,0.007108017896545471,-0.011388296891833627,0.01079148957474696
Sharpe,-0.6146667268590555,-0.740191880795904,0.1723383347648691,-0.8664404647511555,0.14792429103417787,-0.03428170159534875,-0.15916794428714842,-1.368292744224605,0.39734692050430054
Sortino,-0.708451527028058,-0.7597052719696418,0.21954793428906094,-0.8920416905544725,0.18159847365232393,-0.04084647724026483,-0.19482412393048676,-1.368292744224605,0.5622745070957358
Sterling,-0.6371308761219289,-0.23452963336042634,1.381162880418267,-0.5616048214353491,2.3873204522284737,1.5303920906825697,0.6896745827950962,-0.9378487804083278,0.9714678611550471
