Measurement,Benchmark,Ret_ESG,Sha_ESG,Sor_ESG,Ste_ESG,Ret,Sha,Sor,Ste
P/L,0.18074145775501416,-0.07306311853333625,-0.0889105048451404,-0.11366329401333208,-0.07565639130448376,-0.07289333923814889,-0.0805827469951198,-0.12864695085567202,-0.07639528423839437
Sharpe,2.410259691627247,-0.7940799561060653,-0.8887901380773332,-0.7579212978730554,-0.7872768341934903,-0.7899714957362273,-0.9753805541189317,-0.8055005655914553,-0.7982979452643874
Sortino,0.0,-1.0475957497658692,-1.129662562516285,-0.9133395671116618,-1.0584644441277582,-1.04130109664943,-1.2540239259611337,-1.0159975434727335,-1.078807660827849
Sterling,14.61662900087471,-1.118607553569566,-1.303263599024522,-1.331262764502654,-1.150328143732714,-1.117716982650473,-1.2185974400696045,-1.4844216116636715,-1.152664111158108
