Measurement,Benchmark,Ret_ESG,Sha_ESG,Sor_ESG,Ste_ESG,Ret,Sha,Sor,Ste
P/L,0.2095857582474847,-0.10391340132345617,-0.2190929808115778,-0.19809914669114514,-0.19436109038611027,-0.1944711843704202,-0.1925599072282973,-0.28347193294541106,-0.176934343117099
Sharpe,1.2494604034787806,-0.7271164137738575,-1.304109076269118,-1.2778029600848342,-1.2938251231668485,-1.49244059585884,-1.2074665617798248,-1.3825372323670742,-1.276397343364646
Sortino,10.406560320339242,-1.0209813767633606,-1.4426712027159876,-1.4430585683160684,-1.4697782429784354,-1.7439262401818663,-1.4222552966355517,-1.654152713239954,-1.4363777981052268
Sterling,14.501397881686707,-1.3659863253954077,-1.8326617862759977,-1.7860264966782833,-1.7653579782730209,-1.711117063949574,-1.7651077448601464,-1.8149224867297082,-1.7610718020234972
