Measurement,Benchmark,Ret_ESG,Sha_ESG,Sor_ESG,Ste_ESG,Ret,Sha,Sor,Ste
P/L,0.17957324666986452,-0.05743299279953562,-0.07769947939662625,-0.009540179322972464,-0.05998277149523479,-0.05435706967643761,-0.12108463224627386,-0.07253895603153449,-0.05707443926578282
Sharpe,2.4116116148656284,-0.5636486449452439,-0.4363905274991025,0.3220529959145902,-1.265146997038241,-0.5228613430468313,-0.6356882372741016,-0.7652623372317592,-1.276837988784329
Sortino,0.0,-0.7194294260848566,-0.6561518931590871,0.8092345680831897,-1.5618223247721452,-0.735724574749665,-0.8324614688883285,-0.9868880972383643,-1.671153503634892
Sterling,14.418008609604573,-0.9919240779907679,-0.9626935642319879,-0.2515555650816753,-0.892548948879078,-0.7980756611682572,-1.2697604473143045,-1.1436757487297136,-1.1018134053215312
