Measurement,Benchmark,Ret_ESG,Sha_ESG,Sor_ESG,Ste_ESG,Ret,Sha,Sor,Ste
P/L,0.22056817859790434,-0.16319848237693058,-0.221679140058042,-0.20091064158592198,-0.1952844161612174,-0.22294139892861475,-0.1997745072034922,-0.33115507604063266,-0.11791628601892445
Sharpe,1.1947048569845815,-1.18912138774943,-1.1328569634098844,-1.267479485925635,-1.2810284500275335,-1.0749892879358576,-1.1455339734820031,-1.1761266780029729,-1.0756269747238927
Sortino,10.256004578019665,-1.3456997584589585,-1.2371557754928735,-1.433722978644472,-1.4644607256699023,-1.1550541287574654,-1.3051317328268026,-1.3142921337349787,-1.5569670723873912
Sterling,15.216646795361267,-1.6918068607468855,-1.9914793184337463,-1.8320828507653018,-1.7931453092311957,-1.9383710496480109,-1.8368492762938524,-2.0811984574279334,-1.3745195986607188
