Measurement,Benchmark,Ret_ESG,Sha_ESG,Sor_ESG,Ste_ESG,Ret,Sha,Sor,Ste
P/L,-0.006353002232666327,0.017918157500455667,0.02109479879210996,0.021673674379889096,0.01773340401793,0.018619229183020725,0.021956854017590288,0.026842044319156377,0.016648049369974327
Sharpe,-1.205181794686393,1.1411200821869316,1.197462237965859,1.2627580227596418,1.1647153718326146,1.0952272241326926,1.2225946288682181,1.3684599857627353,1.1707770994295732
Sortino,-1.264324672701538,7.143645467881521,8.329028693863924,10.697518002058281,7.421910463991164,7.12129656306093,8.393698125843413,10.760998679950525,6.687784108160777
Sterling,-0.6136713300488347,7.369515307291291,6.59105158109833,9.56781715593302,6.273769343431027,7.870333421987342,5.600530158735119,10.219491272864285,5.93711089210521
