Measurement,Benchmark,Ret_ESG,Sha_ESG,Sor_ESG,Ste_ESG,Ret,Sha,Sor,Ste
P/L,0.22165545638484763,-0.11517484628605945,-0.09986466875969813,-0.09313104034942232,-0.054002827540605036,-0.08754988689551457,-0.15193525907103655,-0.10509357461226265,-0.09017187465603449
Sharpe,2.4433248729128834,-1.3110491900162802,-1.0406497796788987,-0.7349877190195662,-0.8597671564525623,-0.8510026575692418,-0.8415040673588453,-1.0439645561347333,-1.5296296492666441
Sortino,197.86855484022269,-1.7605966619502922,-1.3908005528689935,-1.0527017356804813,-1.2218065100663367,-1.2135296579122672,-1.0886401719226388,-1.3384925002635732,-1.8871488034455333
Sterling,21.631688579451904,-1.2366323474249916,-1.3217660888264542,-1.1910082223185594,-0.8043286757649437,-1.1155901508997892,-1.416151941166722,-1.3106659596227024,-1.3519563835375275
