Measurement,Benchmark,Ret_ESG,Sha_ESG,Sor_ESG,Ste_ESG,Ret,Sha,Sor,Ste
P/L,-1.0,3.0716488975206854e+100,1.228495485311798e+100,2.2138210523648286e+100,1.5811761399474983e+100,1.5120695505667043e+100,1.1393691670915156e+100,1.6729767597524014e+100,4.54856446609574e+100
Sharpe,0.2998576764924311,0.06541445314667202,0.06552175005199057,0.06547935147676862,0.06550456828921072,0.06552725101551937,0.06551633746536409,0.06554466830500422,0.0654771360877022
Sortino,2.5702827684556123e+26,0.0,0.0,0.0,0.0,0.0,0.0,0.0,0.0
Sterling,-1.8110264015698736,8.988865358397447e+104,3.660237300493346e+104,8.039257093792755e+104,4.791823996957077e+104,3.9900724788025284e+104,3.801689582084868e+104,4.8259743824645683e+104,1.505654450393563e+105
