Measurement,Benchmark,Ret_ESG,Sha_ESG,Sor_ESG,Ste_ESG,Ret,Sha,Sor,Ste
P/L,0.18074145775501416,-0.06752556255171449,-0.08066825010912315,-0.06189549661588445,-0.07987329244315833,-0.07236681894766883,-0.1171872395288126,-0.08798851737916558,-0.07132899590286546
Sharpe,2.410259691627247,-0.7185999671414465,-1.0952795054175708,-0.8953849651233176,-0.7783255933253513,-0.9814677831645665,-0.6004495188739873,-0.698750795924036,-0.8962420762084876
Sortino,0.0,-0.9388413964374173,-1.3744649216756653,-1.1778560034665722,-1.055954279918067,-1.2777459309020796,-0.806175251532821,-0.9292018268990698,-1.194579012336412
Sterling,14.61662900087471,-1.078075311770762,-0.9738406550714973,-0.9381795717917129,-1.0598808768501267,-1.1560141392714265,-1.2407557704344498,-1.0796508429679155,-1.0766835036051352
