Measurement,Benchmark,Ret_ESG,Sha_ESG,Sor_ESG,Ste_ESG,Ret,Sha,Sor,Ste
P/L,0.013333512130820013,0.04106889146029724,0.040823370841636564,0.04087055940976381,0.0410871830691637,0.0409112816630095,0.0412655843701788,0.04124164209012182,0.04118145822982133
Sharpe,0.47826140378813636,3.156840302202137,3.1285282105832897,3.146946553072837,3.143611365809954,3.1532158991571446,3.15585400709793,3.140361985706518,3.1426587896853606
Sortino,2.535251124333027,0.0,0.0,0.0,0.0,0.0,0.0,0.0,0.0
Sterling,20.878445095395485,182.24006814003087,174.50891733721133,167.87528786383734,177.07133810017555,180.95687862936703,184.09936746590893,168.82658457463293,172.66988853355855
