Measurement,Benchmark,Ret_ESG,Sha_ESG,Sor_ESG,Ste_ESG,Ret,Sha,Sor,Ste
P/L,0.07561033313385312,-0.04102308236456553,-0.031108335464053116,-0.02854398390164059,0.05776054266158148,0.044932076618886985,0.016771765519831394,-0.00777146500042647,0.05345988086415443
Sharpe,1.007300636900161,-0.8377064069988797,-1.0579383416729613,-1.0917109782244656,-0.18613240360556846,-0.12358896549283428,-0.31707707256903145,-0.6695090741362073,-0.05646730629671547
Sortino,3.7593925257201244,-1.1960390007180195,-1.5532228801637071,-1.4154446752216576,-0.38972098235579233,-0.22194894107800403,-0.4293540417567292,-0.9605352246056408,-0.1041378702096982
Sterling,3.3210560172133556,-0.695154079240286,-0.5825974751154726,-0.5716795731333432,1.4225640182224424,0.9973811756558875,0.4459947164786887,-0.1870473513115836,2.439400768439952
