Measurement,Benchmark,Ret_ESG,Sha_ESG,Sor_ESG,Ste_ESG,Ret,Sha,Sor,Ste
P/L,-0.021934550934164188,0.00749246737787157,0.028802800316670485,0.022761597270508194,0.003783571574916378,0.05567703249792322,0.014577718401549422,-0.006284605438195423,0.003530291011137221
Sharpe,-1.4470989241884487,-0.8248342816116606,0.5824506654918216,0.04111692141460896,0.15797365427213045,0.8554046307423774,-0.056882078685172165,-1.4552676168020464,-0.9600440759822476
Sortino,-1.4470989241884487,-1.3377038659616336,0.8285818846060142,0.04065349303575716,0.19615127542095978,2.008264152979969,-0.0540064235397081,-1.7353553835186781,-1.057537291317063
Sterling,-1.222228017125067,1.4158806701499038,2.1799021472341487,1.773688739312398,0.30648756060164484,10.373708953223533,1.1755798620435192,-0.8982842081772207,0.46595435431347004
