Measurement,Benchmark,Ret_ESG,Sha_ESG,Sor_ESG,Ste_ESG,Ret,Sha,Sor,Ste
P/L,0.058386596995683604,-0.047868371579136926,-0.047136121790416596,-0.041477115057140024,-0.0442547648019892,-0.0656564323175366,-0.04450726209646283,-0.04306855156353295,-0.05107806901391654
Sharpe,2.752109733681767,-0.5297191121044479,-0.4435934683855623,-0.23639034099292847,-0.3575390597644367,-0.6204084402096753,-0.40925362578185864,-0.31453972829647475,-0.5000291634555788
Sortino,0.0,-0.8055907415673741,-0.8052686101776924,-0.47794872431300295,-0.6855028095030818,-1.002602774581523,-0.7818591808378782,-0.6305506263149452,-0.7703356646454436
Sterling,4.46538779905079,-1.231409994826581,-1.212389832290427,-1.0983180842955758,-1.1252226661627867,-1.2043837197647838,-1.1366591707702467,-1.1026397204172498,-1.254887509090258
