Measurement,Benchmark,Ret_ESG,Sha_ESG,Sor_ESG,Ste_ESG,Ret,Sha,Sor,Ste
P/L,0.16928390086035083,-0.05834778274711239,-0.10600266178002438,-0.08594086767832887,-0.09634682722321042,-0.08530412841780244,-0.11727405506948407,-0.06927043966663937,-0.12298516301140505
Sharpe,1.4527221924171168,-0.34659650026620664,-1.2282468056128755,-0.8066795356976835,-0.9787090925218074,-0.9889886396304367,-1.344280180679941,-0.2273967771316912,-1.2819227711344479
Sortino,29.879158908174073,-0.4739235682580631,-1.297845912664631,-0.9412288393689331,-1.0621320829539271,-1.0892459015347404,-1.4203467310734919,-0.29626048768949287,-1.3723052805604088
Sterling,9.928911879251535,-1.5672754659202104,-1.8365537405362338,-1.7575206097052203,-1.7011034952765294,-1.5517621415849108,-1.8491050181097468,-1.624031386643425,-1.8061194544912926
