Measurement,Benchmark,Ret_ESG,Sha_ESG,Sor_ESG,Ste_ESG,Ret,Sha,Sor,Ste
P/L,-0.021896195705756072,0.017675804574000198,0.024012967464179136,0.021562030000191523,0.017831765009038048,0.015893112771226514,0.018721622020205775,0.021570786273349185,0.016530177877031704
Sharpe,-1.4382280260689408,0.29320518377050103,0.7629709465080029,0.22822106233046455,0.4187122773875628,0.25799268307418366,0.49831683807434224,0.34800925108550074,0.3537763299582916
Sortino,-1.4382280260689408,0.3313320084292998,1.2047606456302538,0.2488686496566077,0.46886256894935063,0.29589251413780865,0.6110261321825987,0.3812502672153301,0.39914479249627016
Sterling,-1.23405220837063,2.4492390563693607,2.9256561921621036,2.0542375980741094,2.344403383138752,2.1503308571150845,2.46042399561359,2.309793109646167,2.2425633173326256
