Measurement,Benchmark,Ret_ESG,Sha_ESG,Sor_ESG,Ste_ESG,Ret,Sha,Sor,Ste
P/L,0.17957324666986452,-0.08359912259705882,-0.09978906500507623,-0.005120354783961778,-0.030883122722401457,-0.06960186519245282,-0.06416450476801805,-0.08378986875129568,-0.07097772269330471
Sharpe,2.4116116148656284,-0.810111888886854,-0.5346043304476022,0.016951708444585545,-0.2856973283685544,-0.7614473629071596,-0.9304710385886833,-0.7811287715719527,-1.5081958809241578
Sortino,0.0,-1.0414696559008234,-0.6711939250969837,0.03332764336899852,-0.4709637431207417,-0.9983628374163703,-1.3954633576999198,-1.0393072861973345,-1.9152471458684863
Sterling,14.418008609604573,-1.2166930955505637,-1.233860905304664,-0.09568356216850767,-0.5697112217884114,-1.0781386861667215,-0.7249451542154467,-0.9958857172506775,-0.9888278585305915
