Measurement,Benchmark,Ret_ESG,Sha_ESG,Sor_ESG,Ste_ESG,Ret,Sha,Sor,Ste
P/L,0.07561033313385312,-0.0019628827405866467,-0.001589426517656256,0.001599856053889681,-0.0009374676153878214,0.0017496164956030125,-0.0059850143147719415,-0.011125798928262709,-0.0035183159381853013
Sharpe,1.007300636900161,-0.748081273352138,-0.7800456138619694,-0.6791517875683822,-0.7546781210775462,-0.6291635411146835,-0.441615769438819,-0.62179834754775,-0.8051290566201948
Sortino,3.7593925257201244,-1.1117313992160067,-1.1389574544251688,-1.0232662235373233,-1.1033293643255062,-0.9291907667486314,-0.7201584274426869,-1.0483468625712444,-1.1668641832594786
Sterling,3.3210560172133556,-0.04270818598686717,-0.03538169002584274,0.0357082568590282,-0.02069104261285693,0.03852491025119281,-0.14212579222114127,-0.22080828991123325,-0.07765332102592032
