Measurement,Benchmark,Ret_ESG,Sha_ESG,Sor_ESG,Ste_ESG,Ret,Sha,Sor,Ste
P/L,0.22165545638484763,-0.1067311410171361,-0.10554096921157574,-0.1077808747549791,-0.10034118024618255,-0.10522227716808141,-0.10528100887617342,-0.10330880509335827,-0.10948858136505801
Sharpe,2.4433248729128834,-1.0645840303439424,-1.0638138112743736,-1.0795795153828645,-1.0425501285452727,-1.0598950074542604,-1.0592097387576924,-1.014560570360874,-1.123588361297054
Sortino,197.86855484022269,-1.4120390881788287,-1.4037855177911664,-1.4370301151445959,-1.3953415048007516,-1.4013070959021805,-1.4095392424867486,-1.3458698194199537,-1.4190214138609603
Sterling,21.631688579451904,-1.3284208503408885,-1.3242914491907702,-1.3296298921264487,-1.2700407863342755,-1.3176632668887975,-1.3191751770524864,-1.2871603903120468,-1.3356972454659122
