Measurement,Benchmark,Ret_ESG,Sha_ESG,Sor_ESG,Ste_ESG,Ret,Sha,Sor,Ste
P/L,0.20958575981755234,-0.20084739139612318,-0.18236659443970138,-0.20545459274775446,-0.20317704825155758,-0.21665046723391523,-0.20282759591740573,-0.25530355951701145,-0.1579458733440463
Sharpe,1.2494604285989042,-1.4992008546465196,-1.1881456654780693,-1.3616370388095218,-1.3628564418479845,-1.6734272642641936,-1.3086880908005822,-1.4131220218318357,-1.4526825770300595
Sortino,10.406562093075488,-1.689378389659035,-1.3329552327768666,-1.4872987164325377,-1.493252550599321,-1.9588898611630194,-1.463180855869058,-1.5561853159492351,-1.532397786616597
Sterling,14.501398313111011,-1.783571683559702,-1.9267743618450963,-1.8557777056740254,-1.8415123394323598,-1.63874627537102,-1.8449867382568834,-1.8514653489644477,-1.8515793179846394
