Measurement,Ret_ESG,Sha_ESG,Sor_ESG,Ste_ESG,Ret,Sha,Sor,Ste
P/L,0.29579041813073825,0.28506782888188953,0.284320471671619,0.29188082875217347,0.28694873298940515,0.29327384521036937,0.2992716340284498,0.2974549939741553
Sharpe,1.3092582816770375,1.3168556863877983,1.3069274702613123,1.3112710190321588,1.3299119188008068,1.3075515766059287,1.3299968965018634,1.3051973809413377
Sortino,17.749006576031142,17.062867913960133,16.848780408200746,17.915868258092676,18.006396324148582,17.540504904504143,18.502882548613833,17.587926923159515
Sterling,11.019048201203292,10.209793975539709,10.234945337115011,10.41126315154746,10.110333200468375,10.78419412053752,10.917416427639841,11.03834536521875
