Measurement,Ret_ESG,Sha_ESG,Sor_ESG,Ste_ESG,Ret,Sha,Sor,Ste
P/L,23.3,18.22,29.14,51.08,28.83,27.3,32.77,37.69
Sharpe,1.412,0.442,1.159,1.277,1.188,1.103,1.097,1.394
Sortino,43.379,1.105,18.878,57.184,31.792,24.259,25.269,51.522
Sterling,6.209734348952579e+59,80382536037.94884,1.0853681107366e+38,2.490817252946139e+66,8.7954181152295535e+43,2.9107393188651333e+41,1.2235368931903966e+39,1.0366062005752685e+54
