Measurement,Benchmark,Ret_ESG,Sha_ESG,Sor_ESG,Ste_ESG,Ret,Sha,Sor,Ste
P/L,0.16928390086035083,-0.05570381914461475,-0.02192048799719204,-0.012408585736872535,-0.033826168858980266,-0.15748053345878887,0.01767472711049689,-0.02357071485278217,0.0050957616069615685
Sharpe,1.4527221924171168,-0.5261506096571161,0.11497146880892868,0.14145257967746566,-0.018686999437795206,-2.395105663751174,0.6142320243072656,0.1801823381417183,0.5874642006314071
Sortino,29.879158908174073,-0.909458302289318,0.279646348431635,0.3352634776831431,-0.03504077571721057,-2.4075188128103604,1.3836735590046174,0.4602921493157646,1.1489050231975841
Sterling,9.928911879251535,-1.1960490490472175,-0.5254753858621638,-0.295759873696837,-1.0350108467135437,-1.6775570131428932,0.5107668518301585,-0.5855821269079915,0.1964352206087256
