Measurement,Benchmark,Ret_ESG,Sha_ESG,Sor_ESG,Ste_ESG,Ret,Sha,Sor,Ste
P/L,0.17957324666986452,-0.07037964054436618,-0.07110796582525669,-0.07037964054436618,-0.05998277149523479,-0.05435706967643761,-0.04490568271714235,-0.06951064539032203,-0.05707443926578282
Sharpe,2.4116116148656284,-0.7648211426988986,-0.7707463432704024,-0.7648211426988986,-1.265146997038241,-0.5228613430468313,0.21274142805806232,-0.5043780405964208,-1.276837988784329
Sortino,0.0,-0.9961323184061267,-1.005604058293756,-0.9961323184061267,-1.5618223247721452,-0.735724574749665,0.5904593665682075,-0.6894867164180503,-1.671153503634892
Sterling,14.418008609604573,-1.0976689447726697,-1.1001445555757425,-1.0976689447726697,-0.892548948879078,-0.7980756611682572,-0.7650426391027246,-0.9989825169441315,-1.1018134053215312
