Measurement,Benchmark,Ret_ESG,Sha_ESG,Sor_ESG,Ste_ESG,Ret,Sha,Sor,Ste
P/L,0.46048380546007683,-0.11276632216916516,-0.12010812849987829,-0.12061984742992338,-0.11544323605476625,-0.11882026477931684,-0.11448943125873445,-0.1103827175822949,-0.11162657940912002
Sharpe,1.1688472576302427,-0.5790423498608048,-0.6019612267528026,-0.6243006040361192,-0.5579510425091704,-0.5491851498637378,-0.5991690118193087,-0.4921559493636847,-0.5730314295901329
Sortino,36.518359844296164,-0.6212273939725089,-0.6379987361474629,-0.6593883203038122,-0.5993536660127129,-0.5901105478916757,-0.6390822246900967,-0.5400306150033126,-0.6141098407771547
Sterling,24.274021697094827,-1.8057351195124764,-1.8687476806096022,-1.878688610429555,-1.8094389589519801,-1.83505899256807,-1.8140468109428138,-1.7793599332687557,-1.7885446157389613
