Measurement,Benchmark,Ret_ESG,Sha_ESG,Sor_ESG,Ste_ESG,Ret,Sha,Sor,Ste
P/L,0.17957324666986452,0.03932307695330506,-0.05305212166382933,-0.05553460566384927,-0.05998277149523479,-0.05435706967643761,-0.12108463224627386,-0.06951064539032203,-0.05707443926578282
Sharpe,2.4116116148656284,1.1655183828637083,-0.6044148052378244,-0.17228610869188768,-1.265146997038241,-0.5228613430468313,-0.6356882372741016,-0.5043780405964208,-1.276837988784329
Sortino,0.0,10.693377338728736,-0.8726097458245171,-0.2615110628144865,-1.5618223247721452,-0.735724574749665,-0.8324614688883285,-0.6894867164180503,-1.671153503634892
Sterling,14.418008609604573,0.5716792825693378,-0.7611676768417961,-0.8512302825802407,-0.892548948879078,-0.7980756611682572,-1.2697604473143045,-0.9989825169441315,-1.1018134053215312
