Measurement,Benchmark,Ret_ESG,Sha_ESG,Sor_ESG,Ste_ESG,Ret,Sha,Sor,Ste
P/L,0.19820977906013426,-0.17800204881441306,-0.17669905348502657,-0.18597235608806262,-0.1802409555496276,-0.15877330931344036,-0.316387451741172,-0.16887842346739212,-0.186527792265881
Sharpe,1.28536607022236,-1.347543427102816,-1.3173838250978822,-1.3453303188294374,-1.3596009184277418,-1.525138012094235,-1.2333488620891118,-1.1116537997009008,-1.2962570719890625
Sortino,10.946125547399545,-1.6036372750031376,-1.5671493851794267,-1.5872108518054369,-1.6264739292945767,-1.81916890806664,-1.3599673578349432,-1.239785827295244,-1.5069380805858257
Sterling,13.401272734439026,-1.6816817112654388,-1.681967195442249,-1.710306255497246,-1.6693670644234193,-1.4511121977873647,-1.9268681369378964,-1.721739627394034,-1.7132368135782625
