Measurement,Benchmark,Ret_ESG,Sha_ESG,Sor_ESG,Ste_ESG,Ret,Sha,Sor,Ste
P/L,0.18074145775501416,-0.07412636282282337,-0.07412636282282337,-0.07412636282282337,-0.07412636282282337,-0.07412636282282337,-0.07412636282282337,-0.07412636282282337,-0.07412636282282337
Sharpe,2.410259691627247,-0.7957127949442928,-0.7957127949442928,-0.7957127949442928,-0.7957127949442928,-0.7957127949442928,-0.7957127949442928,-0.7957127949442928,-0.7957127949442928
Sortino,0.0,-1.0611776557266546,-1.0611776557266546,-1.0611776557266546,-1.0611776557266546,-1.0611776557266546,-1.0611776557266546,-1.0611776557266546,-1.0611776557266546
Sterling,14.61662900087471,-1.1010760056073503,-1.1010760056073503,-1.1010760056073503,-1.1010760056073503,-1.1010760056073503,-1.1010760056073503,-1.1010760056073503,-1.1010760056073503
