Measurement,Benchmark,Ret_ESG,Sha_ESG,Sor_ESG,Ste_ESG,Ret,Sha,Sor,Ste
P/L,0.18074145775501416,-0.07407796261818689,-0.08912478811997193,-0.08653799652011884,-0.01198859051856438,-0.07151874765324628,-0.0940334535914088,-0.09397175207472785,-0.018404038285349866
Sharpe,2.410259691627247,-0.7930956962221708,-0.2853528152103405,-0.4312838463562798,0.05718163045945727,-0.77815401851885,-1.5314411779937365,-0.9561780847141339,-0.33323373507674325
Sortino,0.0,-1.0483352428192076,-0.43773655461910127,-0.6530588928667616,0.15838684579946172,-1.027361961084341,-1.9520635469215166,-1.2903627281204684,-0.44140720940864653
Sterling,14.61662900087471,-1.1328276479691224,-1.110327167500356,-0.9620108771707667,-0.23823824868807222,-1.097810465623179,-1.365675008281527,-1.0724455059487727,-0.33412519912929706
