Measurement,Benchmark,Ret_ESG,Sha_ESG,Sor_ESG,Ste_ESG,Ret,Sha,Sor,Ste
P/L,0.2354519715693586,-0.21981562664017873,-0.2184109411895242,-0.24444379812896555,-0.27877216455117115,-0.2190556047976172,-0.20321479010658072,-0.22165253347371672,-0.2208041158130415
Sharpe,1.2599585384821368,-1.4185156297782515,-1.4230791977220736,-1.0856403122632,-1.3491678005832037,-1.4262874611221568,-1.3228518214222975,-1.4270354990952734,-1.4326697511402318
Sortino,15.524436714745448,-1.534062535836795,-1.5457974202556863,-1.1098390292347158,-1.4240839687795925,-1.5443223736774983,-1.500242142589331,-1.543067585217998,-1.5530135608929085
Sterling,15.990613032083532,-1.9137420551529234,-1.905273972183903,-1.956666041464497,-1.985055100236947,-1.9193027383702674,-1.8006619600063145,-1.913121201751481,-1.9130833486670111
