Measurement,Benchmark,Ret_ESG,Sha_ESG,Sor_ESG,Ste_ESG,Ret,Sha,Sor,Ste
P/L,0.22494512543069312,-0.1033919464717129,-0.10079137197540555,-0.10091317553529833,-0.10286404399606686,-0.10160457995099492,-0.10214445852325416,-0.10214323452105278,-0.10148345428528582
Sharpe,2.461301877478043,-0.9946203022338822,-0.982392855225959,-0.9791694470381546,-0.9853484689362727,-0.9861350869004368,-0.9816395069129144,-0.9828707235881372,-0.9800129167650437
Sortino,0.0,-1.3418562454886058,-1.3342541622465196,-1.3219615686662831,-1.3354508552588802,-1.3293696935501365,-1.3238641394640203,-1.328123267395713,-1.328363830206157
Sterling,22.007751697000938,-1.2995594858390282,-1.2821360675210347,-1.2821536179530246,-1.2943872009998643,-1.288084926672518,-1.290184194396885,-1.2891829933262002,-1.283900868062565
