Measurement,Benchmark,Ret_ESG,Sha_ESG,Sor_ESG,Ste_ESG,Ret,Sha,Sor,Ste
P/L,0.22165545638484763,-0.10921131129040873,-0.11116796822098352,-0.1066369450442709,-0.10034118024618255,-0.10798605509224857,-0.10703666281105273,-0.10330880509335827,-0.10948858136505801
Sharpe,2.4433248729128834,-1.127475681469204,-1.1176491843918634,-1.0363522557680418,-1.0425501285452727,-1.0447758140165122,-1.0605123251016437,-1.014560570360874,-1.123588361297054
Sortino,197.86855484022269,-1.4129479912195928,-1.3925427787913442,-1.3670370487016832,-1.3953415048007516,-1.4067413707092775,-1.394192124444648,-1.3458698194199537,-1.4190214138609603
Sterling,21.631688579451904,-1.3641508111842702,-1.314350845774586,-1.3366153160777852,-1.2700407863342755,-1.3239643124710652,-1.3531659123427393,-1.2871603903120468,-1.3356972454659122
